{
    "set1": [
        0.4349178075790405,
        0.00859120488166809,
        0.2400635927915573,
        0.0570552721619606,
        0.1728382408618927
    ],
    "set2": [
        -0.06462213397026062,
        -0.04752476513385773,
        0.13901932537555695,
        0.04639345407485962,
        0.051717568188905716
    ],
    "set3": [
        -0.027728775516152382,
        0.08802482485771179,
        0.10400983691215515,
        0.03137911856174469,
        0.5458086729049683
    ],
    "set4": [
        0.03711457923054695,
        -0.04878167808055878,
        0.059051595628261566,
        -0.0006553810089826584,
        -0.07174277305603027
    ],
    "set5": [
        0.12630991637706757,
        0.2263745814561844,
        0.014275670051574707,
        0.05010939761996269,
        0.35616564750671387
    ],
    "set6": [
        0.2717835605144501,
        0.5363991856575012,
        0.35293954610824585,
        0.1686299741268158,
        -0.036774616688489914
    ],
    "set7": [
        0.04942314326763153,
        0.0705825686454773,
        0.22698244452476501,
        0.12720085680484772,
        0.23067256808280945
    ],
    "set8": [
        0.12711021304130554,
        0.06796368956565857,
        0.1053372174501419,
        0.21666809916496277,
        0.15829628705978394
    ],
    "set9": [
        0.028721347451210022,
        0.033698998391628265,
        0.15327632427215576,
        0.04858868941664696,
        0.0004078540951013565
    ],
    "set10": [
        0.021281398832798004,
        0.03560439869761467,
        0.11120038479566574,
        0.046063974499702454,
        0.05703313648700714
    ]
}