{
    "group_1": 100.74525451660156,
    "group_2": 62.56085968017578,
    "group_3": 62.456298828125,
    "group_4": 70.9094009399414,
    "group_5": 67.02835083007812,
    "group_6": 63.2408561706543,
    "group_7": 186.8501434326172,
    "group_8": 13.913700103759766,
    "group_9": 10.46253776550293,
    "group_10": 28.100801467895508
}